/*    /index.html   200
/contact-us   /contact-chrome-accountants   301
/contact-us/  /contact-chrome-accountants   301
/about-chrome/   /about-us-chrome-accountants   301
/our-services/   /services-chrome-accountants   301
/individual-services/   /individual-services-chrome-accountants   301
/business-services/    /business-services-chrome-accountants   301
/bookkeeping-services/    /bookkeeping-services-chrome-accountants    301
